id;name;rank;generation;evolves_from;type1;type2;hp;atk;def;spatk;spdef;speed;total;height;weight;abilities;desc
1;bulbasaur;ordinary;generation-i;nothing;grass;poison;45;49;49;65;65;45;318;7;69;overgrow chlorophyll ;A strange seed was planted on its back at birth. The plant sprouts and grows with this POKéMON.
2;ivysaur;ordinary;generation-i;bulbasaur;grass;poison;60;62;63;80;80;60;405;10;130;overgrow chlorophyll ;When the bulb on its back grows large, it appears to lose the ability to stand on its hind legs.
3;venusaur;ordinary;generation-i;ivysaur;grass;poison;80;82;83;100;100;80;525;20;1000;overgrow chlorophyll ;The plant blooms when it is absorbing solar energy. It stays on the move to seek sunlight.
4;charmander;ordinary;generation-i;nothing;fire;None;39;52;43;60;50;65;309;6;85;blaze solar-power ;Obviously prefers hot places. When it rains, steam is said to spout from the tip of its tail.
5;charmeleon;ordinary;generation-i;charmander;fire;None;58;64;58;80;65;80;405;11;190;blaze solar-power ;When it swings its burning tail, it elevates the temperature to unbearably high levels.
6;charizard;ordinary;generation-i;charmeleon;fire;flying;78;84;78;109;85;100;534;17;905;blaze solar-power ;Spits fire that is hot enough to melt boulders. Known to cause forest fires unintentionally.
7;squirtle;ordinary;generation-i;nothing;water;None;44;48;65;50;64;43;314;5;90;torrent rain-dish ;After birth, its back swells and hardens into a shell. Powerfully sprays foam from its mouth.
8;wartortle;ordinary;generation-i;squirtle;water;None;59;63;80;65;80;58;405;10;225;torrent rain-dish ;Often hides in water to stalk unwary prey. For swimming fast, it moves its ears to maintain balance.
9;blastoise;ordinary;generation-i;wartortle;water;None;79;83;100;85;105;78;530;16;855;torrent rain-dish ;A brutal POKéMON with pressurized water jets on its shell. They are used for high speed tackles.
10;caterpie;ordinary;generation-i;nothing;bug;None;45;30;35;20;20;45;195;3;29;shield-dust run-away ;Its short feet are tipped with suction pads that enable it to tirelessly climb slopes and walls.
11;metapod;ordinary;generation-i;caterpie;bug;None;50;20;55;25;25;30;205;7;99;shed-skin ;This POKéMON is vulnerable to attack while its shell is soft, exposing its weak and tender body.
12;butterfree;ordinary;generation-i;metapod;bug;flying;60;45;50;90;80;70;395;11;320;compound-eyes tinted-lens ;In battle, it flaps its wings at high speed to release highly toxic dust into the air.
13;weedle;ordinary;generation-i;nothing;bug;poison;40;35;30;20;20;50;195;3;32;shield-dust run-away ;Often found in forests, eating leaves. It has a sharp venomous stinger on its head.
14;kakuna;ordinary;generation-i;weedle;bug;poison;45;25;50;25;25;35;205;6;100;shed-skin ;Almost incapable of moving, this POKéMON can only harden its shell to protect itself from predators.
15;beedrill;ordinary;generation-i;kakuna;bug;poison;65;90;40;45;80;75;395;10;295;swarm sniper ;It has three poisonous stingers on its forelegs and its tail. They are used to jab its enemy repeatedly.
16;pidgey;ordinary;generation-i;nothing;normal;flying;40;45;40;35;35;56;251;3;18;keen-eye tangled-feet big-pecks ;A common sight in forests and woods. It flaps its wings at ground level to kick up blinding sand.
17;pidgeotto;ordinary;generation-i;pidgey;normal;flying;63;60;55;50;50;71;349;11;300;keen-eye tangled-feet big-pecks ;Very protective of its sprawling territorial area, this POKéMON will fiercely peck at any intruder.
18;pidgeot;ordinary;generation-i;pidgeotto;normal;flying;83;80;75;70;70;101;479;15;395;keen-eye tangled-feet big-pecks ;When hunting, it skims the surface of water at high speed to pick off unwary prey such as MAGIKARP.
19;rattata;ordinary;generation-i;nothing;normal;None;30;56;35;25;35;72;253;3;35;run-away guts hustle ;Bites anything when it attacks. Small and very quick, it is a common sight in many places.
20;raticate;ordinary;generation-i;rattata;normal;None;55;81;60;50;70;97;413;7;185;run-away guts hustle ;It uses its whis­ kers to maintain its balance. It apparently slows down if they are cut off.
21;spearow;ordinary;generation-i;nothing;normal;flying;40;60;30;31;31;70;262;3;20;keen-eye sniper ;It flaps its small wings busily to fly. Using its beak, it searches in grass for prey.
22;fearow;ordinary;generation-i;spearow;normal;flying;65;90;65;61;61;100;442;12;380;keen-eye sniper ;With its huge and magnificent wings, it can keep aloft without ever having to land for rest.
23;ekans;ordinary;generation-i;nothing;poison;None;35;60;44;40;54;55;288;20;69;intimidate shed-skin unnerve ;Moves silently and stealthily. Eats the eggs of birds, such as PIDGEY and SPEAROW, whole.
24;arbok;ordinary;generation-i;ekans;poison;None;60;95;69;65;79;80;448;35;650;intimidate shed-skin unnerve ;It is rumored that the ferocious warning markings on its belly differ from area to area.
25;pikachu;ordinary;generation-i;pichu;electric;None;35;55;40;50;50;90;320;4;60;static lightning-rod ;When several of these POKéMON gather, their electricity could build and cause lightning storms.
26;raichu;ordinary;generation-i;pikachu;electric;None;60;90;55;90;80;110;485;8;300;static lightning-rod ;Its long tail serves as a ground to protect itself from its own high-voltage power.
27;sandshrew;ordinary;generation-i;nothing;ground;None;50;75;85;20;30;40;300;6;120;sand-veil sand-rush ;Burrows deep underground in arid locations far from water. It only emerges to hunt for food.
28;sandslash;ordinary;generation-i;sandshrew;ground;None;75;100;110;45;55;65;450;10;295;sand-veil sand-rush ;Curls up into a spiny ball when threatened. It can roll while curled up to attack or escape.
29;nidoran-f;ordinary;generation-i;nothing;poison;None;55;47;52;40;40;41;275;4;70;poison-point rivalry hustle ;Although small, its venomous barbs render this POKéMON dangerous. The female has smaller horns.
30;nidorina;ordinary;generation-i;nidoran-f;poison;None;70;62;67;55;55;56;365;8;200;poison-point rivalry hustle ;The female's horn develops slowly. Prefers physical attacks such as clawing and biting.
31;nidoqueen;ordinary;generation-i;nidorina;poison;ground;90;92;87;75;85;76;505;13;600;poison-point rivalry sheer-force ;Its hard scales provide strong protection. It uses its hefty bulk to execute powerful moves.
32;nidoran-m;ordinary;generation-i;nothing;poison;None;46;57;40;40;40;50;273;5;90;poison-point rivalry hustle ;Stiffens its ears to sense danger. The larger its horns, the more powerful its secreted venom.
33;nidorino;ordinary;generation-i;nidoran-m;poison;None;61;72;57;55;55;65;365;9;195;poison-point rivalry hustle ;An aggressive POKéMON that is quick to attack. The horn on its head secretes a powerful venom.
34;nidoking;ordinary;generation-i;nidorino;poison;ground;81;102;77;85;75;85;505;14;620;poison-point rivalry sheer-force ;It uses its powerful tail in battle to smash, constrict, then break the prey's bones.
35;clefairy;ordinary;generation-i;cleffa;fairy;None;70;45;48;60;65;35;323;6;75;cute-charm magic-guard friend-guard ;Its magical and cute appeal has many admirers. It is rare and found only in certain areas.
36;clefable;ordinary;generation-i;clefairy;fairy;None;95;70;73;95;90;60;483;13;400;cute-charm magic-guard unaware ;A timid fairy POKéMON that is rarely seen. It will run and hide the moment it senses people.
37;vulpix;ordinary;generation-i;nothing;fire;None;38;41;40;50;65;65;299;6;99;flash-fire drought ;At the time of birth, it has just one tail. The tail splits from its tip as it grows older.
38;ninetales;ordinary;generation-i;vulpix;fire;None;73;76;75;81;100;100;505;11;199;flash-fire drought ;Very smart and very vengeful. Grabbing one of its many tails could result in a 1000-year curse.
39;jigglypuff;ordinary;generation-i;igglybuff;normal;fairy;115;45;20;45;25;20;270;5;55;cute-charm competitive friend-guard ;When its huge eyes light up, it sings a mysteriously soothing melody that lulls its enemies to sleep.
40;wigglytuff;ordinary;generation-i;jigglypuff;normal;fairy;140;70;45;85;50;45;435;10;120;cute-charm competitive frisk ;The body is soft and rubbery. When angered, it will suck in air and inflate itself to an enormous size.
41;zubat;ordinary;generation-i;nothing;poison;flying;40;45;35;30;40;55;245;8;75;inner-focus infiltrator ;Forms colonies in perpetually dark places. Uses ultrasonic waves to identify and approach targets.
42;golbat;ordinary;generation-i;zubat;poison;flying;75;80;70;65;75;90;455;16;550;inner-focus infiltrator ;Once it strikes, it will not stop draining energy from the victim even if it gets too heavy to fly.
43;oddish;ordinary;generation-i;nothing;grass;poison;45;50;55;75;65;30;320;5;54;chlorophyll run-away ;During the day, it keeps its face buried in the ground. At night, it wanders around sowing its seeds.
44;gloom;ordinary;generation-i;oddish;grass;poison;60;65;70;85;75;40;395;8;86;chlorophyll stench ;The fluid that oozes from its mouth isn't drool. It is a nectar that is used to attract prey.
45;vileplume;ordinary;generation-i;gloom;grass;poison;75;80;85;110;90;50;490;12;186;chlorophyll effect-spore ;It has the world’s largest petals. With every step, the petals shake out heavy clouds of toxic pollen.
46;paras;ordinary;generation-i;nothing;bug;grass;35;70;55;45;55;25;285;3;54;effect-spore dry-skin damp ;Burrows to suck tree roots. The mushrooms on its back grow by draw­ ing nutrients from the bug host.
47;parasect;ordinary;generation-i;paras;bug;grass;60;95;80;60;80;30;405;10;295;effect-spore dry-skin damp ;A host-parasite pair in which the parasite mushroom has taken over the host bug. Prefers damp places.
48;venonat;ordinary;generation-i;nothing;bug;poison;60;55;50;40;55;45;305;10;300;compound-eyes tinted-lens run-away ;Lives in the shadows of tall trees where it eats insects. It is attracted by light at night.
49;venomoth;ordinary;generation-i;venonat;bug;poison;70;65;60;90;75;90;450;15;125;shield-dust tinted-lens wonder-skin ;The dustlike scales covering its wings are color-coded to indicate the kinds of poison it has.
50;diglett;ordinary;generation-i;nothing;ground;None;10;55;25;35;45;95;265;2;8;sand-veil arena-trap sand-force ;Lives about one yard underground where it feeds on plant roots. It sometimes appears above ground.
51;dugtrio;ordinary;generation-i;diglett;ground;None;35;100;50;50;70;120;425;7;333;sand-veil arena-trap sand-force ;A team of DIGLETT triplets. It triggers huge earthquakes by burrowing 60 miles underground.
52;meowth;ordinary;generation-i;nothing;normal;None;40;45;35;40;40;90;290;4;42;pickup technician unnerve ;It washes its face regularly to keep the coin on its forehead spotless. It doesn’t get along with Galarian Meowth.
53;persian;ordinary;generation-i;meowth;normal;None;65;70;60;65;65;115;440;10;320;limber technician unnerve ;Although its fur has many admirers, it is tough to raise as a pet because of its fickle meanness.
54;psyduck;ordinary;generation-i;nothing;water;None;50;52;48;65;50;55;320;8;196;damp cloud-nine swift-swim ;While lulling its enemies with its vacant look, this wily POKéMON will use psychokinetic powers.
55;golduck;ordinary;generation-i;psyduck;water;None;80;82;78;95;80;85;500;17;766;damp cloud-nine swift-swim ;Often seen swim­ ming elegantly by lake shores. It is often mistaken for the Japanese monster, Kappa.
56;mankey;ordinary;generation-i;nothing;fighting;None;40;80;35;35;45;70;305;5;280;vital-spirit anger-point defiant ;Extremely quick to anger. It could be docile one moment then thrashing away the next instant.
57;primeape;ordinary;generation-i;mankey;fighting;None;65;105;60;60;70;95;455;10;320;vital-spirit anger-point defiant ;Always furious and tenacious to boot. It will not abandon chasing its quarry until it is caught.
58;growlithe;ordinary;generation-i;nothing;fire;None;55;70;45;70;50;60;350;7;190;intimidate flash-fire justified ;Very protective of its territory. It will bark and bite to repel intruders from its space.
59;arcanine;ordinary;generation-i;growlithe;fire;None;90;110;80;100;80;95;555;19;1550;intimidate flash-fire justified ;A POKéMON that has been admired since the past for its beauty. It runs agilely as if on wings.
60;poliwag;ordinary;generation-i;nothing;water;None;40;50;40;40;40;90;300;6;124;water-absorb damp swift-swim ;Its newly grown legs prevent it from running. It appears to prefer swimming than trying to stand.
61;poliwhirl;ordinary;generation-i;poliwag;water;None;65;65;65;50;50;90;385;10;200;water-absorb damp swift-swim ;Capable of living in or out of water. When out of water, it sweats to keep its body slimy.
62;poliwrath;ordinary;generation-i;poliwhirl;water;fighting;90;95;95;70;90;70;510;13;540;water-absorb damp swift-swim ;An adept swimmer at both the front crawl and breast stroke. Easily overtakes the best human swimmers.
63;abra;ordinary;generation-i;nothing;psychic;None;25;20;15;105;55;90;310;9;195;synchronize inner-focus magic-guard ;Using its ability to read minds, it will identify impending danger and TELEPORT to safety.
64;kadabra;ordinary;generation-i;abra;psychic;None;40;35;30;120;70;105;400;13;565;synchronize inner-focus magic-guard ;It emits special alpha waves from its body that induce headaches just by being close by.
65;alakazam;ordinary;generation-i;kadabra;psychic;None;55;50;45;135;95;120;500;15;480;synchronize inner-focus magic-guard ;Its brain can out­ perform a super­ computer. Its intelligence quotient is said to be 5,000.
66;machop;ordinary;generation-i;nothing;fighting;None;70;80;50;35;35;35;305;8;195;guts no-guard steadfast ;Loves to build its muscles. It trains in all styles of martial arts to become even stronger.
67;machoke;ordinary;generation-i;machop;fighting;None;80;100;70;50;60;45;405;15;705;guts no-guard steadfast ;Its muscular body is so powerful, it must wear a power save belt to be able to regulate its motions.
68;machamp;ordinary;generation-i;machoke;fighting;None;90;130;80;65;85;55;505;16;1300;guts no-guard steadfast ;Using its heavy muscles, it throws powerful punches that can send the victim clear over the horizon.
69;bellsprout;ordinary;generation-i;nothing;grass;poison;50;75;35;70;30;40;300;7;40;chlorophyll gluttony ;A carnivorous POKéMON that traps and eats bugs. It uses its root feet to soak up needed moisture.
70;weepinbell;ordinary;generation-i;bellsprout;grass;poison;65;90;50;85;45;55;390;10;64;chlorophyll gluttony ;It spits out POISONPOWDER to immobilize the enemy and then finishes it with a spray of ACID.
71;victreebel;ordinary;generation-i;weepinbell;grass;poison;80;105;65;100;70;70;490;17;155;chlorophyll gluttony ;Said to live in huge colonies deep in jungles, although no one has ever returned from there.
72;tentacool;ordinary;generation-i;nothing;water;poison;40;40;35;50;100;70;335;9;455;clear-body liquid-ooze rain-dish ;Drifts in shallow seas. Anglers who hook them by accident are often punished by its stinging acid.
73;tentacruel;ordinary;generation-i;tentacool;water;poison;80;70;65;80;120;100;515;16;550;clear-body liquid-ooze rain-dish ;The tentacles are normally kept short. On hunts, they are extended to ensnare and immobilize prey.
74;geodude;ordinary;generation-i;nothing;rock;ground;40;80;100;30;30;20;300;4;200;rock-head sturdy sand-veil ;Found in fields and mountains. Mistaking them for boulders, people often step or trip on them.
75;graveler;ordinary;generation-i;geodude;rock;ground;55;95;115;45;45;35;390;10;1050;rock-head sturdy sand-veil ;Rolls down slopes to move. It rolls over any obstacle without slowing or changing its direction.
76;golem;ordinary;generation-i;graveler;rock;ground;80;120;130;55;65;45;495;14;3000;rock-head sturdy sand-veil ;Its boulder-like body is extremely hard. It can easily withstand dynamite blasts without damage.
77;ponyta;ordinary;generation-i;nothing;fire;None;50;85;55;65;65;90;410;10;300;run-away flash-fire flame-body ;Its hooves are 10 times harder than diamonds. It can trample anything completely flat in little time.
78;rapidash;ordinary;generation-i;ponyta;fire;None;65;100;70;80;80;105;500;17;950;run-away flash-fire flame-body ;Very competitive, this POKéMON will chase anything that moves fast in the hopes of racing it.
79;slowpoke;ordinary;generation-i;nothing;water;psychic;90;65;65;40;40;15;315;12;360;oblivious own-tempo regenerator ;Incredibly slow and dopey. It takes 5 seconds for it to feel pain when under attack.
80;slowbro;ordinary;generation-i;slowpoke;water;psychic;95;75;110;100;80;30;490;16;785;oblivious own-tempo regenerator ;The SHELLDER that is latched onto SLOWPOKE's tail is said to feed on the host's left over scraps.
81;magnemite;ordinary;generation-i;nothing;electric;steel;25;35;70;95;55;45;325;3;60;magnet-pull sturdy analytic ;Uses anti-gravity to stay suspended. Appears without warning and uses THUNDER WAVE and similar moves.
82;magneton;ordinary;generation-i;magnemite;electric;steel;50;60;95;120;70;70;465;10;600;magnet-pull sturdy analytic ;Formed by several MAGNEMITEs linked together. They frequently appear when sunspots flare up.
83;farfetchd;ordinary;generation-i;nothing;normal;flying;52;90;55;58;62;60;377;8;150;keen-eye inner-focus defiant ;The sprig of green onions it holds is its weapon. It is used much like a metal sword.
84;doduo;ordinary;generation-i;nothing;normal;flying;35;85;45;35;35;75;310;14;392;run-away early-bird tangled-feet ;A bird that makes up for its poor flying with its fast foot speed. Leaves giant footprints.
85;dodrio;ordinary;generation-i;doduo;normal;flying;60;110;70;60;60;110;470;18;852;run-away early-bird tangled-feet ;Uses its three brains to execute complex plans. While two heads sleep, one head stays awake.
86;seel;ordinary;generation-i;nothing;water;None;65;45;55;45;70;45;325;11;900;thick-fat hydration ice-body ;The protruding horn on its head is very hard. It is used for bashing through thick ice.
87;dewgong;ordinary;generation-i;seel;water;ice;90;70;80;70;95;70;475;17;1200;thick-fat hydration ice-body ;Stores thermal energy in its body. Swims at a steady 8 knots even in intensely cold waters.
88;grimer;ordinary;generation-i;nothing;poison;None;80;80;50;40;50;25;325;9;300;stench sticky-hold poison-touch ;Appears in filthy areas. Thrives by sucking up polluted sludge that is pumped out of factories.
89;muk;ordinary;generation-i;grimer;poison;None;105;105;75;65;100;50;500;12;300;stench sticky-hold poison-touch ;Thickly covered with a filthy, vile sludge. It is so toxic, even its footprints contain poison.
90;shellder;ordinary;generation-i;nothing;water;None;30;65;100;45;25;40;305;3;40;shell-armor skill-link overcoat ;Its hard shell repels any kind of attack. It is vulnerable only when its shell is open.
91;cloyster;ordinary;generation-i;shellder;water;ice;50;95;180;85;45;70;525;15;1325;shell-armor skill-link overcoat ;When attacked, it launches its horns in quick volleys. Its innards have never been seen.
92;gastly;ordinary;generation-i;nothing;ghost;poison;30;35;30;100;35;80;310;13;1;levitate ;Almost invisible, this gaseous POKéMON cloaks the target and puts it to sleep without notice.
93;haunter;ordinary;generation-i;gastly;ghost;poison;45;50;45;115;55;95;405;16;1;levitate ;Because of its ability to slip through block walls, it is said to be from an­ other dimension.
94;gengar;ordinary;generation-i;haunter;ghost;poison;60;65;60;130;75;110;500;15;405;cursed-body ;Under a full moon, this POKéMON likes to mimic the shadows of people and laugh at their fright.
95;onix;ordinary;generation-i;nothing;rock;ground;35;45;160;30;45;70;385;88;2100;rock-head sturdy weak-armor ;As it grows, the stone portions of its body harden to become similar to a diamond, but colored black.
96;drowzee;ordinary;generation-i;nothing;psychic;None;60;48;45;43;90;42;328;10;324;insomnia forewarn inner-focus ;Puts enemies to sleep then eats their dreams. Occasionally gets sick from eating bad dreams.
97;hypno;ordinary;generation-i;drowzee;psychic;None;85;73;70;73;115;67;483;16;756;insomnia forewarn inner-focus ;When it locks eyes with an enemy, it will use a mix of PSI moves such as HYPNOSIS and CONFUSION.
98;krabby;ordinary;generation-i;nothing;water;None;30;105;90;25;25;50;325;4;65;hyper-cutter shell-armor sheer-force ;Its pincers are not only powerful weapons, they are used for balance when walking sideways.
99;kingler;ordinary;generation-i;krabby;water;None;55;130;115;50;50;75;475;13;600;hyper-cutter shell-armor sheer-force ;The large pincer has 10000 hp of crushing power. However, its huge size makes it unwieldy to use.
100;voltorb;ordinary;generation-i;nothing;electric;None;40;30;50;55;55;100;330;5;104;soundproof static aftermath ;Usually found in power plants. Easily mistaken for a POKé BALL, they have zapped many people.
101;electrode;ordinary;generation-i;voltorb;electric;None;60;50;70;80;80;150;490;12;666;soundproof static aftermath ;It stores electric energy under very high pressure. It often explodes with little or no provocation.
102;exeggcute;ordinary;generation-i;nothing;grass;psychic;60;40;80;60;45;40;325;4;25;chlorophyll harvest ;Often mistaken for eggs. When disturbed, they quickly gather and attack in swarms.
103;exeggutor;ordinary;generation-i;exeggcute;grass;psychic;95;95;85;125;75;55;530;20;1200;chlorophyll harvest ;Legend has it that on rare occasions, one of its heads will drop off and continue on as an EXEGGCUTE.
104;cubone;ordinary;generation-i;nothing;ground;None;50;50;95;40;50;35;320;4;65;rock-head lightning-rod battle-armor ;Because it never removes its skull helmet, no one has ever seen this POKéMON's real face.
105;marowak;ordinary;generation-i;cubone;ground;None;60;80;110;50;80;45;425;10;450;rock-head lightning-rod battle-armor ;The bone it holds is its key weapon. It throws the bone skillfully like a boomerang to KO targets.
106;hitmonlee;ordinary;generation-i;tyrogue;fighting;None;50;120;53;35;110;87;455;15;498;limber reckless unburden ;When in a hurry, its legs lengthen progressively. It runs smoothly with extra long, loping strides.
107;hitmonchan;ordinary;generation-i;tyrogue;fighting;None;50;105;79;35;110;76;455;14;502;keen-eye iron-fist inner-focus ;While apparently doing nothing, it fires punches in lightning fast volleys that are impossible to see.
108;lickitung;ordinary;generation-i;nothing;normal;None;90;55;75;60;75;30;385;12;655;own-tempo oblivious cloud-nine ;Its tongue can be extended like a chameleon's. It leaves a tingling sensation when it licks enemies.
109;koffing;ordinary;generation-i;nothing;poison;None;40;65;95;60;45;35;340;6;10;levitate neutralizing-gas stench ;Because it stores several kinds of toxic gases in its body, it is prone to exploding without warning.
110;weezing;ordinary;generation-i;koffing;poison;None;65;90;120;85;70;60;490;12;95;levitate neutralizing-gas stench ;Where two kinds of poison gases meet, 2 KOFFINGs can fuse into a WEEZING over many years.
111;rhyhorn;ordinary;generation-i;nothing;ground;rock;80;85;95;30;30;25;345;10;1150;lightning-rod rock-head reckless ;A POKéMON with a one-track mind. Once it charges, it won't stop running until it falls asleep.
112;rhydon;ordinary;generation-i;rhyhorn;ground;rock;105;130;120;45;45;40;485;19;1200;lightning-rod rock-head reckless ;Protected by an armor-like hide, it is capable of living in molten lava of 3,600 degrees.
113;chansey;ordinary;generation-i;happiny;normal;None;250;5;5;35;105;50;450;11;346;natural-cure serene-grace healer ;A rare and elusive POKéMON that is said to bring happiness to those who manage to get it.
114;tangela;ordinary;generation-i;nothing;grass;None;65;55;115;100;40;60;435;10;350;chlorophyll leaf-guard regenerator ;The whole body is swathed with wide vines that are similar to sea­ weed. Its vines shake as it walks.
115;kangaskhan;ordinary;generation-i;nothing;normal;None;105;95;80;40;80;90;490;22;800;early-bird scrappy inner-focus ;The infant rarely ventures out of its mother's protective pouch until it is 3 years old.
116;horsea;ordinary;generation-i;nothing;water;None;30;40;70;70;25;60;295;4;80;swift-swim sniper damp ;Known to shoot down flying bugs with precision blasts of ink from the surface of the water.
117;seadra;ordinary;generation-i;horsea;water;None;55;65;95;95;45;85;440;12;250;poison-point sniper damp ;Capable of swim­ ming backwards by rapidly flapping its wing-like pectoral fins and stout tail.
118;goldeen;ordinary;generation-i;nothing;water;None;45;67;60;35;50;63;320;6;150;swift-swim water-veil lightning-rod ;Its tail fin billows like an elegant ballroom dress, giving it the nickname of the Water Queen.
119;seaking;ordinary;generation-i;goldeen;water;None;80;92;65;65;80;68;450;13;390;swift-swim water-veil lightning-rod ;In the autumn spawning season, they can be seen swimming powerfully up rivers and creeks.
120;staryu;ordinary;generation-i;nothing;water;None;30;45;55;70;55;85;340;8;345;illuminate natural-cure analytic ;If its body is torn, it can grow back if the red core remains. The core flashes at midnight.
121;starmie;ordinary;generation-i;staryu;water;psychic;60;75;85;100;85;115;520;11;800;illuminate natural-cure analytic ;Its central core glows with the seven colors of the rainbow. Some people value the core as a gem.
122;mr-mime;ordinary;generation-i;mime-jr;psychic;fairy;40;45;65;100;120;90;460;13;545;soundproof filter technician ;If interrupted while it is miming, it will slap around the offender with its broad hands.
123;scyther;ordinary;generation-i;nothing;bug;flying;70;110;80;55;80;105;500;15;560;swarm technician steadfast ;With ninja-like agility and speed, it can create the illusion that there is more than one.
124;jynx;ordinary;generation-i;smoochum;ice;psychic;65;50;35;115;95;95;455;14;406;oblivious forewarn dry-skin ;It seductively wiggles its hips as it walks. It can cause people to dance in unison with it.
125;electabuzz;ordinary;generation-i;elekid;electric;None;65;83;57;95;85;105;490;11;300;static vital-spirit ;Normally found near power plants, they can wander away and cause major blackouts in cities.
126;magmar;ordinary;generation-i;magby;fire;None;65;95;57;100;85;93;495;13;445;flame-body vital-spirit ;Its body always burns with an orange glow that enables it to hide perfectly among flames.
127;pinsir;ordinary;generation-i;nothing;bug;None;65;125;100;55;70;85;500;15;550;hyper-cutter mold-breaker moxie ;If it fails to crush the victim in its pincers, it will swing it around and toss it hard.
128;tauros;ordinary;generation-i;nothing;normal;None;75;100;95;40;70;110;490;14;884;intimidate anger-point sheer-force ;When it targets an enemy, it charges furiously while whipping its body with its long tails.
129;magikarp;ordinary;generation-i;nothing;water;None;20;10;55;15;20;80;200;9;100;swift-swim rattled ;In the distant past, it was somewhat stronger than the horribly weak descendants that exist today.
130;gyarados;ordinary;generation-i;magikarp;water;flying;95;125;79;60;100;81;540;65;2350;intimidate moxie ;Once it begins to rampage, a GYARADOS will burn everything down, even in a harsh storm.
131;lapras;ordinary;generation-i;nothing;water;ice;130;85;80;85;95;60;535;25;2200;water-absorb shell-armor hydration ;A POKéMON that has been over­ hunted almost to extinction. It can ferry people across the water.
132;ditto;ordinary;generation-i;nothing;normal;None;48;48;48;48;48;48;288;3;40;limber imposter ;Capable of copying an enemy's genetic code to instantly transform itself into a duplicate of the enemy.
133;eevee;ordinary;generation-i;nothing;normal;None;55;55;50;45;65;55;325;3;65;run-away adaptability anticipation ;Its genetic code is irregular. It may mutate if it is exposed to radiation from element STONEs.
134;vaporeon;ordinary;generation-i;eevee;water;None;130;65;60;110;95;65;525;10;290;water-absorb hydration ;Lives close to water. Its long tail is ridged with a fin which is often mistaken for a mermaid's.
135;jolteon;ordinary;generation-i;eevee;electric;None;65;65;60;110;95;130;525;8;245;volt-absorb quick-feet ;It accumulates negative ions in the atmosphere to blast out 10000- volt lightning bolts.
136;flareon;ordinary;generation-i;eevee;fire;None;65;130;60;95;110;65;525;9;250;flash-fire guts ;When storing thermal energy in its body, its temperature could soar to over 1600 degrees.
137;porygon;ordinary;generation-i;nothing;normal;None;65;60;70;85;75;40;395;8;365;trace download analytic ;A POKéMON that consists entirely of programming code. Capable of moving freely in cyberspace.
138;omanyte;ordinary;generation-i;nothing;rock;water;35;40;100;90;55;35;355;4;75;swift-swim shell-armor weak-armor ;Although long extinct, in rare cases, it can be genetically resurrected from fossils.
139;omastar;ordinary;generation-i;omanyte;rock;water;70;60;125;115;70;55;495;10;350;swift-swim shell-armor weak-armor ;A prehistoric POKéMON that died out when its heavy shell made it impossible to catch prey.
140;kabuto;ordinary;generation-i;nothing;rock;water;30;80;90;55;45;55;355;5;115;swift-swim battle-armor weak-armor ;A POKéMON that was resurrected from a fossil found in what was once the ocean floor eons ago.
141;kabutops;ordinary;generation-i;kabuto;rock;water;60;115;105;65;70;80;495;13;405;swift-swim battle-armor weak-armor ;Its sleek shape is perfect for swim­ ming. It slashes prey with its claws and drains the body fluids.
142;aerodactyl;ordinary;generation-i;nothing;rock;flying;80;105;65;60;75;130;515;18;590;rock-head pressure unnerve ;A Pokémon that roamed the skies in the dinosaur era. Its teeth are like saw blades.
143;snorlax;ordinary;generation-i;munchlax;normal;None;160;110;65;65;110;30;540;21;4600;immunity thick-fat gluttony ;Very lazy. Just eats and sleeps. As its rotund bulk builds, it becomes steadily more slothful.
144;articuno;legendary;generation-i;nothing;ice;flying;90;85;100;95;125;85;580;17;554;pressure snow-cloak ;A legendary bird POKéMON that is said to appear to doomed people who are lost in icy mountains.
145;zapdos;legendary;generation-i;nothing;electric;flying;90;90;85;125;90;100;580;16;526;pressure static ;A legendary bird POKéMON that is said to appear from clouds while dropping enormous lightning bolts.
146;moltres;legendary;generation-i;nothing;fire;flying;90;100;90;125;85;90;580;20;600;pressure flame-body ;Known as the legendary bird of fire. Every flap of its wings creates a dazzling flash of flames.
147;dratini;ordinary;generation-i;nothing;dragon;None;41;64;45;50;50;50;300;18;33;shed-skin marvel-scale ;Long considered a mythical POKéMON until recently when a small colony was found living underwater.
148;dragonair;ordinary;generation-i;dratini;dragon;None;61;84;65;70;70;70;420;40;165;shed-skin marvel-scale ;A mystical POKéMON that exudes a gentle aura. Has the ability to change climate conditions.
149;dragonite;ordinary;generation-i;dragonair;dragon;flying;91;134;95;100;100;80;600;22;2100;inner-focus multiscale ;An extremely rarely seen marine POKéMON. Its intelligence is said to match that of humans.
150;mewtwo;legendary;generation-i;nothing;psychic;None;106;110;90;154;90;130;680;20;1220;pressure unnerve ;It was created by a scientist after years of horrific gene splicing and DNA engineering experiments.
151;mew;mythical;generation-i;nothing;psychic;None;100;100;100;100;100;100;600;4;40;synchronize ;So rare that it is still said to be a mirage by many experts. Only a few people have seen it worldwide.
152;chikorita;ordinary;generation-ii;nothing;grass;None;45;49;65;49;65;45;318;9;64;overgrow leaf-guard ;A sweet aroma gently wafts from the leaf on its head. It is docile and loves to soak up the sun's rays.
153;bayleef;ordinary;generation-ii;chikorita;grass;None;60;62;80;63;80;60;405;12;158;overgrow leaf-guard ;The scent of spices comes from around its neck. Somehow, sniffing it makes you want to fight.
154;meganium;ordinary;generation-ii;bayleef;grass;None;80;82;100;83;100;80;525;18;1005;overgrow leaf-guard ;The aroma that rises from its petals contains a substance that calms aggressive feelings.
155;cyndaquil;ordinary;generation-ii;nothing;fire;None;39;52;43;60;50;65;309;5;79;blaze flash-fire ;It has a timid nature. If it is startled, the flames on its back burn more vigorously.
156;quilava;ordinary;generation-ii;cyndaquil;fire;None;58;64;58;80;65;80;405;9;190;blaze flash-fire ;Be careful if it turns its back during battle. It means that it will attack with the fire on its back.
157;typhlosion;ordinary;generation-ii;quilava;fire;None;78;84;78;109;85;100;534;17;795;blaze flash-fire ;If its rage peaks, it becomes so hot that anything that touches it will instantly go up in flames.
158;totodile;ordinary;generation-ii;nothing;water;None;50;65;64;44;48;43;314;6;95;torrent sheer-force ;Its well-developed jaws are powerful and capable of crushing anything. Even its trainer must be careful.
159;croconaw;ordinary;generation-ii;totodile;water;None;65;80;80;59;63;58;405;11;250;torrent sheer-force ;If it loses a fang, a new one grows back in its place. There are always 48 fangs lining its mouth.
160;feraligatr;ordinary;generation-ii;croconaw;water;None;85;105;100;79;83;78;530;23;888;torrent sheer-force ;When it bites with its massive and powerful jaws, it shakes its head and savagely tears its victim up.
161;sentret;ordinary;generation-ii;nothing;normal;None;35;46;34;35;45;20;215;8;60;run-away keen-eye frisk ;A very cautious POKéMON, it raises itself up using its tail to get a better view of its surroundings.
162;furret;ordinary;generation-ii;sentret;normal;None;85;76;64;45;55;90;415;18;325;run-away keen-eye frisk ;It makes a nest to suit its long and skinny body. The nest is impossible for other POKéMON to enter.
163;hoothoot;ordinary;generation-ii;nothing;normal;flying;60;30;30;36;56;50;262;7;212;insomnia keen-eye tinted-lens ;It always stands on one foot. It changes feet so fast, the movement can rarely be seen.
164;noctowl;ordinary;generation-ii;hoothoot;normal;flying;100;50;50;86;96;70;452;16;408;insomnia keen-eye tinted-lens ;Its eyes are specially adapted. They concentrate even faint light and enable it to see in the dark.
165;ledyba;ordinary;generation-ii;nothing;bug;flying;40;20;30;40;80;55;265;10;108;swarm early-bird rattled ;It is very timid. It will be afraid to move if it is alone. But it will be active if it is in a group.
166;ledian;ordinary;generation-ii;ledyba;bug;flying;55;35;50;55;110;85;390;14;356;swarm early-bird iron-fist ;When the stars flicker in the night sky, it flutters about, scattering a glowing powder.
167;spinarak;ordinary;generation-ii;nothing;bug;poison;40;60;40;40;40;30;250;5;85;swarm insomnia sniper ;It lies still in the same pose for days in its web, waiting for its unsuspecting prey to wander close.
168;ariados;ordinary;generation-ii;spinarak;bug;poison;70;90;70;60;70;40;400;11;335;swarm insomnia sniper ;It spins string not only from its rear but also from its mouth. It is hard to tell which end is which.
169;crobat;ordinary;generation-ii;golbat;poison;flying;85;90;80;70;80;130;535;18;750;inner-focus infiltrator ;It flies so si­ lently through the dark on its four wings that it may not be noticed even when nearby.
170;chinchou;ordinary;generation-ii;nothing;water;electric;75;38;38;56;56;67;330;5;120;volt-absorb illuminate water-absorb ;Chinchou blink their shining antennae at one another to claim their respective turf.
171;lanturn;ordinary;generation-ii;chinchou;water;electric;125;58;58;76;76;67;460;12;225;volt-absorb illuminate water-absorb ;The light it emits is so bright that it can illuminate the sea's surface from a depth of over three miles.
172;pichu;baby;generation-ii;nothing;electric;None;20;40;15;35;35;60;205;3;20;static lightning-rod ;It is not yet skilled at storing electricity. It may send out a jolt if amused or startled.
173;cleffa;baby;generation-ii;nothing;fairy;None;50;25;28;45;55;15;218;3;30;cute-charm magic-guard friend-guard ;Because of its unusual, star-like silhouette, people believe that it came here on a meteor.
174;igglybuff;baby;generation-ii;nothing;normal;fairy;90;30;15;40;20;15;210;3;10;cute-charm competitive friend-guard ;It has a very soft body. If it starts to roll, it will bounce all over and be impossible to stop.
175;togepi;baby;generation-ii;nothing;fairy;None;35;20;65;40;65;20;245;3;15;hustle serene-grace super-luck ;The shell seems to be filled with joy. It is said that it will share good luck when treated kindly.
176;togetic;ordinary;generation-ii;togepi;fairy;flying;55;40;85;80;105;40;405;6;32;hustle serene-grace super-luck ;They say that it will appear before kindhearted, car­ ing people and shower them with happiness.
177;natu;ordinary;generation-ii;nothing;psychic;flying;40;50;45;70;45;70;320;2;20;synchronize early-bird magic-bounce ;Because its wings aren't yet fully grown, it has to hop to get around. It is always star­ ing at something.
178;xatu;ordinary;generation-ii;natu;psychic;flying;65;75;70;95;70;95;470;15;150;synchronize early-bird magic-bounce ;They say that it stays still and quiet because it is seeing both the past and future at the same time.
179;mareep;ordinary;generation-ii;nothing;electric;None;55;40;40;65;45;35;280;6;78;static plus ;If static elec­ tricity builds in its body, its fleece doubles in volume. Touching it will shock you.
180;flaaffy;ordinary;generation-ii;mareep;electric;None;70;55;55;80;60;45;365;8;133;static plus ;As a result of storing too much electricity, it developed patches where even downy wool won't grow.
181;ampharos;ordinary;generation-ii;flaaffy;electric;None;90;75;85;115;90;55;510;14;615;static plus ;The tail's tip shines brightly and can be seen from far away. It acts as a beacon for lost people.
182;bellossom;ordinary;generation-ii;gloom;grass;None;75;80;95;90;100;50;490;4;58;chlorophyll healer ;Plentiful in the tropics. When it dances, its petals rub together and make a pleasant ringing sound.
183;marill;ordinary;generation-ii;azurill;water;fairy;70;20;50;20;50;40;250;4;85;thick-fat huge-power sap-sipper ;The tip of its tail, which con­ tains oil that is lighter than wa­ ter, lets it swim without drowning.
184;azumarill;ordinary;generation-ii;marill;water;fairy;100;50;80;60;80;50;420;8;285;thick-fat huge-power sap-sipper ;It lives in water virtually all day long. Its body color and pattern act as camouflage that makes it tough for enemies to spot in water.
185;sudowoodo;ordinary;generation-ii;bonsly;rock;None;70;100;115;30;65;30;410;12;380;sturdy rock-head rattled ;Although it always pretends to be a tree, its composi­ tion appears to be closer to a rock than a plant.
186;politoed;ordinary;generation-ii;poliwhirl;water;None;90;75;75;90;100;70;500;11;339;water-absorb damp drizzle ;If POLIWAG and POLIWHIRL hear its echoing cry, they respond by gather­ ing from far and wide.
187;hoppip;ordinary;generation-ii;nothing;grass;flying;35;35;40;35;55;50;250;4;5;chlorophyll leaf-guard infiltrator ;To keep from being blown away by the wind, they gather in clusters. They do enjoy gentle breezes, though.
188;skiploom;ordinary;generation-ii;hoppip;grass;flying;55;45;50;45;65;80;340;6;10;chlorophyll leaf-guard infiltrator ;The bloom on top of its head opens and closes as the temperature fluc­ tuates up and down.
189;jumpluff;ordinary;generation-ii;skiploom;grass;flying;75;55;70;55;95;110;460;8;30;chlorophyll leaf-guard infiltrator ;Once it catches the wind, it deft­ ly controls its cotton-puff spores to float, even around the world.
190;aipom;ordinary;generation-ii;nothing;normal;None;55;70;55;40;55;85;360;8;115;run-away pickup skill-link ;Its tail is so powerful that it can use it to grab a tree branch and hold itself up in the air.
191;sunkern;ordinary;generation-ii;nothing;grass;None;30;30;30;30;30;30;180;3;18;chlorophyll solar-power early-bird ;It may drop out of the sky suddenly. If attacked by a SPEAROW, it will violently shake its leaves.
192;sunflora;ordinary;generation-ii;sunkern;grass;None;75;75;55;105;85;30;425;8;85;chlorophyll solar-power early-bird ;It converts sun­ light into energy. In the darkness after sunset, it closes its petals and becomes still.
193;yanma;ordinary;generation-ii;nothing;bug;flying;65;65;45;75;45;95;390;12;380;speed-boost compound-eyes frisk ;If it flaps its wings really fast, it can generate shock waves that will shatter win­ dows in the area.
194;wooper;ordinary;generation-ii;nothing;water;ground;55;45;45;25;25;15;210;4;85;damp water-absorb unaware ;This POKéMON lives in cold water. It will leave the water to search for food when it gets cold outside.
195;quagsire;ordinary;generation-ii;wooper;water;ground;95;85;85;65;65;35;430;14;750;damp water-absorb unaware ;This carefree POKéMON has an easy-going nature. While swimming, it always bumps into boat hulls.
196;espeon;ordinary;generation-ii;eevee;psychic;None;65;65;60;130;95;110;525;9;265;synchronize magic-bounce ;It uses the fine hair that covers its body to sense air currents and predict its ene­ my's actions.
197;umbreon;ordinary;generation-ii;eevee;dark;None;95;65;110;60;130;65;525;10;270;synchronize inner-focus ;When agitated, this POKéMON pro­ tects itself by spraying poisonous sweat from its pores.
198;murkrow;ordinary;generation-ii;nothing;dark;flying;60;85;42;85;42;91;405;5;21;insomnia super-luck prankster ;Feared and loathed by many, it is believed to bring misfortune to all those who see it at night.
199;slowking;ordinary;generation-ii;slowpoke;water;psychic;95;75;80;100;110;30;490;20;795;oblivious own-tempo regenerator ;It has incredible intellect and in­ tuition. Whatever the situation, it remains calm and collected.
200;misdreavus;ordinary;generation-ii;nothing;ghost;None;60;60;60;85;85;85;435;7;10;levitate ;It likes playing mischievous tricks such as screaming and wailing to startle people at night.
201;unown;ordinary;generation-ii;nothing;psychic;None;48;72;48;72;48;48;336;5;50;levitate ;Their shapes look like hieroglyphs on ancient tab­ lets. It is said that the two are somehow related.
202;wobbuffet;ordinary;generation-ii;wynaut;psychic;None;190;33;58;33;58;33;405;13;285;shadow-tag telepathy ;It hates light and shock. If attack­ ed, it inflates its body to pump up its counter­ strike.
203;girafarig;ordinary;generation-ii;nothing;normal;psychic;70;80;65;90;65;85;455;15;415;inner-focus early-bird sap-sipper ;Its tail has a small brain of its own. Beware! If you get close, it may react to your scent and bite.
204;pineco;ordinary;generation-ii;nothing;bug;None;50;65;90;35;35;15;290;6;72;sturdy overcoat ;It likes to make its shell thicker by adding layers of tree bark. The additional weight doesn't bother it.
205;forretress;ordinary;generation-ii;pineco;bug;steel;75;90;140;60;60;40;465;12;1258;sturdy overcoat ;Its entire body is shielded by a steel-hard shell. What lurks inside the armor is a total mystery.
206;dunsparce;ordinary;generation-ii;nothing;normal;None;100;70;70;65;65;45;415;15;140;serene-grace run-away rattled ;When spotted, this POKéMON escapes backward by furi­ ously boring into the ground with its tail.
207;gligar;ordinary;generation-ii;nothing;ground;flying;65;75;105;35;65;85;430;11;648;hyper-cutter sand-veil immunity ;It flies straight at its target's face then clamps down on the star­ tled victim to inject poison.
208;steelix;ordinary;generation-ii;onix;steel;ground;75;85;200;55;65;30;510;92;4000;rock-head sturdy sheer-force ;It is thought its body transformed as a result of iron accumulating internally from swallowing soil.
209;snubbull;ordinary;generation-ii;nothing;fairy;None;60;80;50;40;40;30;300;6;78;intimidate run-away rattled ;Although it looks frightening, it is actually kind and affectionate. It is very popular among women.
210;granbull;ordinary;generation-ii;snubbull;fairy;None;90;120;75;60;60;45;450;14;487;intimidate quick-feet rattled ;It is actually timid and easily spooked. If at­ tacked, it flails about to fend off its attacker.
211;qwilfish;ordinary;generation-ii;nothing;water;poison;65;95;85;55;55;85;440;5;39;poison-point swift-swim intimidate ;To fire its poison spikes, it must inflate its body by drinking over 2.6 gallons of water all at once.
212;scizor;ordinary;generation-ii;scyther;bug;steel;70;130;100;55;80;65;500;18;1180;swarm technician light-metal ;It has a steel-hard body. It intimidates foes by upraising its eye-patterned pincers.
213;shuckle;ordinary;generation-ii;nothing;bug;rock;20;10;230;10;230;5;505;6;205;sturdy gluttony contrary ;The BERRIES it stores in its vase-like shell decompose and become a gooey liquid.
214;heracross;ordinary;generation-ii;nothing;bug;fighting;80;125;75;40;95;85;500;15;540;swarm guts moxie ;It is usually docile, but if it is disturbed while sipping honey, it chases off the intruder with its horn.
215;sneasel;ordinary;generation-ii;nothing;dark;ice;55;95;55;35;75;115;430;9;280;inner-focus keen-eye pickpocket ;Its paws conceal sharp claws. If attacked, it sud­ denly extends the claws and startles its enemy.
216;teddiursa;ordinary;generation-ii;nothing;normal;None;60;80;50;50;50;40;330;6;88;pickup quick-feet honey-gather ;If it finds honey, its crescent mark glows. It always licks its paws because they are soaked with honey.
217;ursaring;ordinary;generation-ii;teddiursa;normal;None;90;130;75;75;75;55;500;18;1258;guts quick-feet unnerve ;Although it is a good climber, it prefers to snap trees with its forelegs and eat fallen BERRIES.
218;slugma;ordinary;generation-ii;nothing;fire;None;40;40;40;70;40;20;250;7;350;magma-armor flame-body weak-armor ;It never sleeps. It has to keep moving because if it stopped, its magma body would cool and harden.
219;magcargo;ordinary;generation-ii;slugma;fire;rock;60;50;120;90;80;30;430;8;550;magma-armor flame-body weak-armor ;The shell on its back is just skin that has cooled and hardened. It breaks easily with a slight touch.
220;swinub;ordinary;generation-ii;nothing;ice;ground;50;50;40;30;30;50;250;4;65;oblivious snow-cloak thick-fat ;It rubs its snout on the ground to find and dig up food. It sometimes discovers hot springs.
221;piloswine;ordinary;generation-ii;swinub;ice;ground;100;100;80;60;60;50;450;11;558;oblivious snow-cloak thick-fat ;Because the long hair all over its body obscures its sight, it just keeps charging repeatedly.
222;corsola;ordinary;generation-ii;nothing;water;rock;65;55;95;65;95;35;410;6;50;hustle natural-cure regenerator ;It continuously sheds and grows. The tip of its head is prized as a treasure for its beauty.
223;remoraid;ordinary;generation-ii;nothing;water;None;35;65;35;65;35;65;300;6;120;hustle sniper moody ;It has superb ac­ curacy. The water it shoots out can strike even moving prey from more than 300 feet.
224;octillery;ordinary;generation-ii;remoraid;water;None;75;105;75;105;75;45;480;9;285;suction-cups sniper moody ;It traps enemies with its suction- cupped tentacles then smashes them with its rock-hard head.
225;delibird;ordinary;generation-ii;nothing;ice;flying;45;55;45;65;45;75;330;9;160;vital-spirit hustle insomnia ;It carries food all day long. There are tales about lost people who were saved by the food it had.
226;mantine;ordinary;generation-ii;mantyke;water;flying;85;40;70;80;140;70;485;21;2200;swift-swim water-absorb water-veil ;As it majestically swims, it doesn't care if REMORAID attach to it for scavenging its leftovers.
227;skarmory;ordinary;generation-ii;nothing;steel;flying;65;80;140;40;70;70;465;17;505;keen-eye sturdy weak-armor ;Its sturdy wings look heavy, but they are actually hollow and light, allowing it to fly freely in the sky.
228;houndour;ordinary;generation-ii;nothing;dark;fire;45;60;30;80;50;65;330;6;108;early-bird flash-fire unnerve ;It uses different kinds of cries for communicating with others of its kind and for pursuing its prey.
229;houndoom;ordinary;generation-ii;houndour;dark;fire;75;90;50;110;80;95;500;14;350;early-bird flash-fire unnerve ;If you are burned by the flames it shoots from its mouth, the pain will never go away.
230;kingdra;ordinary;generation-ii;seadra;water;dragon;75;95;95;95;95;85;540;18;1520;swift-swim sniper damp ;It is said that it usually hides in underwater caves. It can create whirlpools by yawning.
231;phanpy;ordinary;generation-ii;nothing;ground;None;90;60;60;40;40;40;330;5;335;pickup sand-veil ;It swings its long snout around play­ fully, but because it is so strong, that can be dan­ gerous.
232;donphan;ordinary;generation-ii;phanpy;ground;None;90;120;120;60;60;50;500;11;1200;sturdy sand-veil ;It has sharp, hard tusks and a rugged hide. Its TACKLE is strong enough to knock down a house.
233;porygon2;ordinary;generation-ii;porygon;normal;None;85;80;90;105;95;60;515;6;325;trace download analytic ;This upgraded version of PORYGON is designed for space exploration. It can't fly, though.
234;stantler;ordinary;generation-ii;nothing;normal;None;73;95;62;85;65;85;465;14;712;intimidate frisk sap-sipper ;The curved antlers subtly change the flow of air to create a strange space where real­ ity is distorted.
235;smeargle;ordinary;generation-ii;nothing;normal;None;55;20;35;20;45;75;250;12;580;own-tempo technician moody ;A special fluid oozes from the tip of its tail. It paints the fluid everywhere to mark its territory.
236;tyrogue;baby;generation-ii;nothing;fighting;None;35;35;35;35;35;35;210;7;210;guts steadfast vital-spirit ;It is always bursting with en­ ergy. To make it­ self stronger, it keeps on fighting even if it loses.
237;hitmontop;ordinary;generation-ii;tyrogue;fighting;None;50;95;95;35;110;70;455;14;480;intimidate technician steadfast ;If you become enchanted by its smooth, elegant, dance-like kicks, you may get drilled hard.
238;smoochum;baby;generation-ii;nothing;ice;psychic;45;30;15;85;65;65;305;4;60;oblivious forewarn hydration ;Its lips are the most sensitive parts on its body. It always uses its lips first to examine things.
239;elekid;baby;generation-ii;nothing;electric;None;45;63;37;65;55;95;360;6;235;static vital-spirit ;It rotates its arms to generate electricity, but it tires easily, so it charges up only a little bit.
240;magby;baby;generation-ii;nothing;fire;None;45;75;37;70;55;83;365;7;214;flame-body vital-spirit ;Each and every time it inhales and exhales, hot embers dribble out of its mouth and nostrils.
241;miltank;ordinary;generation-ii;nothing;normal;None;95;80;105;40;70;100;490;12;755;thick-fat scrappy sap-sipper ;Its milk is packed with nutrition, making it the ultimate beverage for the sick or weary.
242;blissey;ordinary;generation-ii;chansey;normal;None;255;10;10;75;135;55;540;15;468;natural-cure serene-grace healer ;Anyone who takes even one bite of BLISSEY's egg be­ comes unfailingly caring and pleas­ ant to everyone.
243;raikou;legendary;generation-ii;nothing;electric;None;90;85;75;115;100;115;580;19;1780;pressure inner-focus ;The rain clouds it carries let it fire thunderbolts at will. They say that it descended with lightning.
244;entei;legendary;generation-ii;nothing;fire;None;115;115;85;90;75;100;580;21;1980;pressure inner-focus ;Volcanoes erupt when it barks. Un­ able to restrain its extreme power, it races headlong around the land.
245;suicune;legendary;generation-ii;nothing;water;None;100;75;115;90;115;85;580;20;1870;pressure inner-focus ;It races around the world to purify fouled water. It dashes away with the north wind.
246;larvitar;ordinary;generation-ii;nothing;rock;ground;50;64;50;45;50;41;300;6;720;guts sand-veil ;It feeds on soil. After it has eaten a large mountain, it will fall asleep so it can grow.
247;pupitar;ordinary;generation-ii;larvitar;rock;ground;70;84;70;65;70;51;410;12;1520;shed-skin ;Its shell is as hard as sheet rock, and it is also very strong. Its THRASHING can topple a mountain.
248;tyranitar;ordinary;generation-ii;pupitar;rock;dark;100;134;110;95;100;61;600;20;2020;sand-stream unnerve ;Its body can't be harmed by any sort of attack, so it is very eager to make challenges against enemies.
249;lugia;legendary;generation-ii;nothing;psychic;flying;106;90;130;90;154;110;680;52;2160;pressure multiscale ;It is said that it quietly spends its time deep at the bottom of the sea because its powers are too strong.
250;ho-oh;legendary;generation-ii;nothing;fire;flying;106;130;90;110;154;90;680;38;1990;pressure regenerator ;Legends claim this POKéMON flies the world's skies con­ tinuously on its magnificent seven- colored wings.
251;celebi;mythical;generation-ii;nothing;psychic;grass;100;100;100;100;100;100;600;6;50;natural-cure ;This POKéMON wan­ ders across time. Grass and trees flourish in the forests in which it has appeared.
252;treecko;ordinary;generation-iii;nothing;grass;None;40;45;35;65;55;70;310;5;50;overgrow unburden ;TREECKO has small hooks on the bottom of its feet that enable it to scale vertical walls. This POKéMON attacks by slamming foes with its thick tail.
253;grovyle;ordinary;generation-iii;treecko;grass;None;50;65;45;85;65;95;405;9;216;overgrow unburden ;The leaves growing out of GROVYLE’s body are convenient for camouflaging it from enemies in the forest. This POKéMON is a master at climbing trees in jungles.
254;sceptile;ordinary;generation-iii;grovyle;grass;None;70;85;65;105;85;120;530;17;522;overgrow unburden ;The leaves growing on SCEPTILE’s body are very sharp edged. This POKéMON is very agile - it leaps all over the branches of trees and jumps on its foe from above or behind.
255;torchic;ordinary;generation-iii;nothing;fire;None;45;60;40;70;50;45;310;4;25;blaze speed-boost ;TORCHIC sticks with its TRAINER, following behind with unsteady steps. This POKéMON breathes fire of over 1,800 degrees F, including fireballs that leave the foe scorched black.
256;combusken;ordinary;generation-iii;torchic;fire;fighting;60;85;60;85;60;55;405;9;195;blaze speed-boost ;COMBUSKEN toughens up its legs and thighs by running through fields and mountains. This POKéMON’s legs possess both speed and power, enabling it to dole out ten kicks in one second.
257;blaziken;ordinary;generation-iii;combusken;fire;fighting;80;120;70;110;70;80;530;19;520;blaze speed-boost ;In battle, BLAZIKEN blows out intense flames from its wrists and attacks foes courageously. The stronger the foe, the more intensely this POKéMON’s wrists burn.
258;mudkip;ordinary;generation-iii;nothing;water;None;50;70;50;50;50;40;310;4;76;torrent damp ;The fin on MUDKIP’s head acts as highly sensitive radar. Using this fin to sense movements of water and air, this POKéMON can determine what is taking place around it without using its eyes.
259;marshtomp;ordinary;generation-iii;mudkip;water;ground;70;85;70;60;70;50;405;7;280;torrent damp ;The surface of MARSHTOMP’s body is enveloped by a thin, sticky film that enables it to live on land. This POKéMON plays in mud on beaches when the ocean tide is low.
260;swampert;ordinary;generation-iii;marshtomp;water;ground;100;110;90;85;90;60;535;15;819;torrent damp ;SWAMPERT is very strong. It has enough power to easily drag a boulder weighing more than a ton. This POKéMON also has powerful vision that lets it see even in murky water.
261;poochyena;ordinary;generation-iii;nothing;dark;None;35;55;35;30;30;35;220;5;136;run-away quick-feet rattled ;At first sight, POOCHYENA takes a bite at anything that moves. This POKéMON chases after prey until the victim becomes exhausted. However, it may turn tail if the prey strikes back.
262;mightyena;ordinary;generation-iii;poochyena;dark;None;70;90;70;60;60;70;420;10;370;intimidate quick-feet moxie ;MIGHTYENA gives obvious signals when it is preparing to attack. It starts to growl deeply and then flattens its body. This POKéMON will bite savagely with its sharply pointed fangs.
263;zigzagoon;ordinary;generation-iii;nothing;normal;None;38;30;41;30;41;60;240;4;175;pickup gluttony quick-feet ;ZIGZAGOON restlessly wanders everywhere at all times. This POKéMON does so because it is very curious. It becomes interested in anything that it happens to see.
264;linoone;ordinary;generation-iii;zigzagoon;normal;None;78;70;61;50;61;100;420;5;325;pickup gluttony quick-feet ;LINOONE always runs full speed and only in straight lines. If facing an obstacle, it makes a right-angle turn to evade it. This POKéMON is very challenged by gently curving roads.
265;wurmple;ordinary;generation-iii;nothing;bug;None;45;45;35;20;30;20;195;3;36;shield-dust run-away ;Using the spikes on its rear end,  WURMPLE peels the bark off trees and feeds on the sap that oozes out. This POKéMON’s feet are tipped with suction pads that allow it to cling to glass without slipping.
266;silcoon;ordinary;generation-iii;wurmple;bug;None;50;35;55;25;25;15;205;6;100;shed-skin ;SILCOON tethers itself to a tree branch using silk to keep from falling. There, this POKéMON hangs quietly while it awaits evolution. It peers out of the silk cocoon through a small hole.
267;beautifly;ordinary;generation-iii;silcoon;bug;flying;60;70;50;100;50;65;395;10;284;swarm rivalry ;BEAUTIFLY’s favorite food is the sweet pollen of flowers. If you want to see this POKéMON, just leave a potted flower by an open window. BEAUTIFLY is sure to come looking for pollen.
268;cascoon;ordinary;generation-iii;wurmple;bug;None;50;35;55;25;25;15;205;7;115;shed-skin ;CASCOON makes its protective cocoon by wrapping its body entirely with a fine silk from its mouth. Once the silk goes around its body, it hardens. This POKéMON prepares for its evolution inside the cocoon.
269;dustox;ordinary;generation-iii;cascoon;bug;poison;60;50;70;50;90;65;385;12;316;shield-dust compound-eyes ;DUSTOX is instinctively drawn to light. Swarms of this POKéMON are attracted by the bright lights of cities, where they wreak havoc by stripping the leaves off roadside trees for food.
270;lotad;ordinary;generation-iii;nothing;water;grass;40;30;30;40;50;30;220;5;26;swift-swim rain-dish own-tempo ;It searches about for clean water. If it does not drink water for too long, the leaf on its head wilts.
271;lombre;ordinary;generation-iii;lotad;water;grass;60;50;50;60;70;50;340;12;325;swift-swim rain-dish own-tempo ;It lives at the water’s edge where it is sunny. It sleeps on a bed of water grass by day and becomes active at night.
272;ludicolo;ordinary;generation-iii;lombre;water;grass;80;70;70;90;100;70;480;15;550;swift-swim rain-dish own-tempo ;LUDICOLO begins dancing as soon as it hears cheerful, festive music. This POKéMON is said to appear when it hears the singing of children on hiking outings.
273;seedot;ordinary;generation-iii;nothing;grass;None;40;40;50;30;30;30;220;5;40;chlorophyll early-bird pickpocket ;SEEDOT attaches itself to a tree branch using the top of its head. It sucks moisture from the tree while hanging off the branch. The more water it drinks, the glossier this POKéMON’s body becomes.
274;nuzleaf;ordinary;generation-iii;seedot;grass;dark;70;70;40;60;40;60;340;10;280;chlorophyll early-bird pickpocket ;NUZLEAF live in densely overgrown forests. They occasionally venture out of the forest to startle people. This POKéMON dislikes having its long nose pinched.
275;shiftry;ordinary;generation-iii;nuzleaf;grass;dark;90;100;60;90;60;80;480;13;596;chlorophyll early-bird pickpocket ;It lives quietly in the deep forest. It is said to create chilly winter winds with the fans it holds.
276;taillow;ordinary;generation-iii;nothing;normal;flying;40;55;30;30;30;85;270;3;23;guts scrappy ;TAILLOW courageously stands its ground against foes, however strong they may be. This gutsy POKéMON will remain defiant even after a loss. On the other hand, it cries loudly if it becomes hungry.
277;swellow;ordinary;generation-iii;taillow;normal;flying;60;85;60;75;50;125;455;7;198;guts scrappy ;SWELLOW flies high above our heads, making graceful arcs in the sky. This POKéMON dives at a steep angle as soon as it spots its prey. The hapless prey is tightly grasped by SWELLOW’s clawed feet, preventing escape.
278;wingull;ordinary;generation-iii;nothing;water;flying;40;30;30;55;30;85;270;6;95;keen-eye hydration rain-dish ;WINGULL has the habit of carrying prey and valuables in its beak and hiding them in all sorts of locations. This POKéMON rides the winds and flies as if it were skating across the sky.
279;pelipper;ordinary;generation-iii;wingull;water;flying;60;50;100;95;70;65;440;12;280;keen-eye drizzle rain-dish ;It is a messenger of the skies, carrying small Pokémon and eggs to safety in its bill.
280;ralts;ordinary;generation-iii;nothing;psychic;fairy;28;25;25;45;35;40;198;4;66;synchronize trace telepathy ;RALTS senses the emotions of people using the horns on its head. This POKéMON rarely appears before people. But when it does, it draws closer if it senses that the person has a positive disposition.
281;kirlia;ordinary;generation-iii;ralts;psychic;fairy;38;35;35;65;55;50;278;8;202;synchronize trace telepathy ;It is said that a KIRLIA that is exposed to the positive emotions of its TRAINER grows beautiful. This POKéMON controls psychokinetic powers with its highly developed brain.
282;gardevoir;ordinary;generation-iii;kirlia;psychic;fairy;68;65;65;125;115;80;518;16;484;synchronize trace telepathy ;GARDEVOIR has the ability to read the future. If it senses impending danger to its TRAINER, this POKéMON is said to unleash its psychokinetic energy at full power.
283;surskit;ordinary;generation-iii;nothing;bug;water;40;30;32;50;52;65;269;5;17;swift-swim rain-dish ;From the tips of its feet, SURSKIT secretes an oil that enables it to walk on water as if it were skating. This POKéMON feeds on microscopic organisms in ponds and lakes.
284;masquerain;ordinary;generation-iii;surskit;bug;flying;70;60;62;100;82;80;454;8;36;intimidate unnerve ;MASQUERAIN intimidates enemies with the eyelike patterns on its antennas. This POKéMON flaps its four wings to freely fly in any direction - even sideways and backwards - as if it were a helicopter.
285;shroomish;ordinary;generation-iii;nothing;grass;None;60;40;60;40;60;35;295;4;45;effect-spore poison-heal quick-feet ;SHROOMISH live in damp soil in the dark depths of forests. They are often found keeping still under fallen leaves. This POKéMON feeds on compost that is made up of fallen, rotted leaves.
286;breloom;ordinary;generation-iii;shroomish;grass;fighting;60;130;80;60;60;70;460;12;392;effect-spore poison-heal technician ;BRELOOM closes in on its foe with light and sprightly footwork, then throws punches with its stretchy arms. This POKéMON’s fighting technique puts boxers to shame.
287;slakoth;ordinary;generation-iii;nothing;normal;None;60;60;60;35;35;30;280;8;240;truant ;SLAKOTH lolls around for over twenty hours every day. Because it moves so little, it does not need much food. This POKéMON’s sole daily meal consists of just three leaves.
288;vigoroth;ordinary;generation-iii;slakoth;normal;None;80;80;80;55;55;90;440;14;465;vital-spirit ;VIGOROTH is always itching and agitated to go on a wild rampage. It simply can’t tolerate sitting still for even a minute. This POKéMON’s stress level rises if it can’t be moving constantly.
289;slaking;ordinary;generation-iii;vigoroth;normal;None;150;160;100;95;65;100;670;20;1305;truant ;SLAKING spends all day lying down and lolling about. It eats grass growing within its reach. If it eats all the grass it can reach, this POKéMON reluctantly moves to another spot.
290;nincada;ordinary;generation-iii;nothing;bug;ground;31;45;90;30;30;40;266;5;55;compound-eyes run-away ;NINCADA lives underground for many years in complete darkness. This POKéMON absorbs nutrients from the roots of trees. It stays motionless as it waits for evolution.
291;ninjask;ordinary;generation-iii;nincada;bug;flying;61;90;45;50;50;160;456;8;120;speed-boost infiltrator ;NINJASK moves around at such a high speed that it cannot be seen, even while its crying can be clearly heard. For that reason, this POKéMON was long believed to be invisible.
292;shedinja;ordinary;generation-iii;nincada;bug;ghost;1;90;45;30;30;40;236;8;12;wonder-guard ;SHEDINJA’s hard body doesn’t move - not even a twitch. In fact, its body appears to be merely a hollow shell. It is believed that this POKéMON will steal the spirit of anyone peering into its hollow body from its back.
293;whismur;ordinary;generation-iii;nothing;normal;None;64;51;23;51;23;28;240;6;163;soundproof rattled ;Normally, WHISMUR’s voice is very quiet - it is barely audible even if one is paying close attention. However, if this POKéMON senses danger, it starts crying at an earsplitting volume.
294;loudred;ordinary;generation-iii;whismur;normal;None;84;71;43;71;43;48;360;10;405;soundproof scrappy ;LOUDRED’s bellowing can completely decimate a wood-frame house. It uses its voice to punish its foes. This POKéMON’s round ears serve as loudspeakers.
295;exploud;ordinary;generation-iii;loudred;normal;None;104;91;63;91;73;68;490;15;840;soundproof scrappy ;EXPLOUD triggers earthquakes with the tremors it creates by bellowing. If this POKéMON violently inhales from the ports on its body, it’s a sign that it is preparing to let loose a huge bellow.
296;makuhita;ordinary;generation-iii;nothing;fighting;None;72;60;30;20;30;25;237;10;864;thick-fat guts sheer-force ;MAKUHITA is tenacious - it will keep getting up and attacking its foe however many times it is knocked down. Every time it gets back up, this POKéMON stores more energy in its body for evolving.
297;hariyama;ordinary;generation-iii;makuhita;fighting;None;144;120;60;40;60;50;474;23;2538;thick-fat guts sheer-force ;It has the habit of challenging others without hesitation to tests of strength. It’s been known to stand on train tracks and stop trains using forearm thrusts.
298;azurill;baby;generation-iii;nothing;normal;fairy;50;20;40;20;40;20;190;2;20;thick-fat huge-power sap-sipper ;A Pokémon that lives by water. It moves quickly on land by bouncing on its big tail.
299;nosepass;ordinary;generation-iii;nothing;rock;None;30;45;135;45;90;30;375;10;970;sturdy magnet-pull sand-force ;NOSEPASS’s magnetic nose is always pointed to the north. If two of these POKéMON meet, they cannot turn their faces to each other when they are close because their magnetic noses repel one another.
300;skitty;ordinary;generation-iii;nothing;normal;None;50;45;45;35;35;50;260;6;110;cute-charm normalize wonder-skin ;SKITTY has the habit of becoming fascinated by moving objects and chasing them around. This POKéMON is known to chase after its own tail and become dizzy.
301;delcatty;ordinary;generation-iii;skitty;normal;None;70;65;65;55;55;90;400;11;326;cute-charm normalize wonder-skin ;DELCATTY prefers to live an unfettered existence in which it can do as it pleases at its own pace. Because this POKéMON eats and sleeps whenever it decides, its daily routines are completely random.
302;sableye;ordinary;generation-iii;nothing;dark;ghost;50;75;75;65;65;50;380;5;110;keen-eye stall prankster ;SABLEYE lead quiet lives deep inside caverns. They are feared, however, because these POKéMON are thought to steal the spirits of people when their eyes burn with a sinister glow in the darkness.
303;mawile;ordinary;generation-iii;nothing;steel;fairy;50;85;85;55;55;50;380;6;115;hyper-cutter intimidate sheer-force ;MAWHILE’s huge jaws are actually steel horns that have been transformed. Its docile-looking face serves to lull its foe into letting down its guard. When the foe least expects it, MAWHILE chomps it with its gaping jaws.
304;aron;ordinary;generation-iii;nothing;steel;rock;50;70;100;40;40;30;330;4;600;sturdy rock-head heavy-metal ;This POKéMON has a body of steel. To make its body, ARON feeds on iron ore that it digs from mountains. Occasionally, it causes major trouble by eating bridges and rails.
305;lairon;ordinary;generation-iii;aron;steel;rock;60;90;140;50;50;40;430;9;1200;sturdy rock-head heavy-metal ;LAIRON tempers its steel body by drinking highly nutritious mineral springwater until it is bloated. This POKéMON makes its nest close to springs of delicious water.
306;aggron;ordinary;generation-iii;lairon;steel;rock;70;110;180;60;60;50;530;21;3600;sturdy rock-head heavy-metal ;AGGRON claims an entire mountain as its own territory. It mercilessly beats up anything that violates its environment. This POKéMON vigilantly patrols its territory at all times.
307;meditite;ordinary;generation-iii;nothing;fighting;psychic;30;40;55;40;55;60;280;6;112;pure-power telepathy ;MEDITITE undertakes rigorous mental training deep in the mountains. However, whenever it meditates, this POKéMON always loses its concentration and focus. As a result, its training never ends.
308;medicham;ordinary;generation-iii;meditite;fighting;psychic;60;60;75;60;75;80;410;13;315;pure-power telepathy ;It is said that through meditation, MEDICHAM heightens energy inside its body and sharpens its sixth sense. This POKéMON hides its presence by merging itself with fields and mountains.
309;electrike;ordinary;generation-iii;nothing;electric;None;40;45;40;65;40;65;295;6;152;static lightning-rod minus ;ELECTRIKE stores electricity in its long body hair. This POKéMON stimulates its leg muscles with electric charges. These jolts of power give its legs explosive acceleration performance.
310;manectric;ordinary;generation-iii;electrike;electric;None;70;75;60;105;60;105;475;15;402;static lightning-rod minus ;MANECTRIC is constantly discharging electricity from its mane. The sparks sometimes ignite forest fires. When it enters a battle, this POKéMON creates thunderclouds.
311;plusle;ordinary;generation-iii;nothing;electric;None;60;50;40;85;75;95;405;4;42;plus lightning-rod ;PLUSLE always acts as a cheerleader for its partners. Whenever a teammate puts out a good effort in battle, this POKéMON shorts out its body to create the crackling noises of sparks to show its joy.
312;minun;ordinary;generation-iii;nothing;electric;None;60;40;50;75;85;95;405;4;42;minus volt-absorb ;MINUN is more concerned about cheering on its partners than its own safety. It shorts out the electricity in its body to create brilliant showers of sparks to cheer on its teammates.
313;volbeat;ordinary;generation-iii;nothing;bug;None;65;73;75;47;85;85;430;7;177;illuminate swarm prankster ;With the arrival of night, VOLBEAT emits light from its tail. It communicates with others by adjusting the intensity and flashing of its light. This POKéMON is attracted by the sweet aroma of ILLUMISE.
314;illumise;ordinary;generation-iii;nothing;bug;None;65;47;75;73;85;85;430;6;177;oblivious tinted-lens prankster ;With its sweet aroma, it guides Volbeat to draw signs with light in the night sky.
315;roselia;ordinary;generation-iii;budew;grass;poison;50;60;45;100;80;65;400;3;20;natural-cure poison-point leaf-guard ;ROSELIA shoots sharp thorns as projectiles at any opponent that tries to steal the flowers on its arms. The aroma of this POKéMON brings serenity to living things.
316;gulpin;ordinary;generation-iii;nothing;poison;None;70;43;53;43;53;40;302;4;103;liquid-ooze sticky-hold gluttony ;Virtually all of GULPIN’s body is its stomach. As a result, it can swallow something its own size. This POKéMON’s stomach contains a special fluid that digests anything.
317;swalot;ordinary;generation-iii;gulpin;poison;None;100;73;83;73;83;55;467;17;800;liquid-ooze sticky-hold gluttony ;When SWALOT spots prey, it spurts out a hideously toxic fluid from its pores and sprays the target. Once the prey has weakened, this POKéMON gulps it down whole with its cavernous mouth.
318;carvanha;ordinary;generation-iii;nothing;water;dark;45;90;20;65;20;65;305;8;208;rough-skin speed-boost ;CARVANHA’s strongly developed jaws and its sharply pointed fangs pack the destructive power to rip out boat hulls. Many boats have been attacked and sunk by this POKéMON.
319;sharpedo;ordinary;generation-iii;carvanha;water;dark;70;120;40;95;40;95;460;18;888;rough-skin speed-boost ;Nicknamed “the bully of the sea,” SHARPEDO is widely feared. Its cruel fangs grow back immediately if they snap off. Just one of these POKéMON can thoroughly tear apart a supertanker.
320;wailmer;ordinary;generation-iii;nothing;water;None;130;70;35;70;35;60;400;20;1300;water-veil oblivious pressure ;WAILMER’s nostrils are located above its eyes. This playful POKéMON loves to startle people by forcefully snorting out seawater it stores inside its body out of its nostrils.
321;wailord;ordinary;generation-iii;wailmer;water;None;170;90;45;90;45;60;500;145;3980;water-veil oblivious pressure ;WAILORD is the largest of all identified POKéMON up to now. This giant POKéMON swims languorously in the vast open sea, eating massive amounts of food at once with its enormous mouth.
322;numel;ordinary;generation-iii;nothing;fire;ground;60;60;40;65;45;35;305;7;240;oblivious simple own-tempo ;NUMEL is extremely dull witted - it doesn’t notice being hit. However, it can’t stand hunger for even a second. This POKéMON’s body is a seething cauldron of boiling magma.
323;camerupt;ordinary;generation-iii;numel;fire;ground;70;100;70;105;75;40;460;19;2200;magma-armor solid-rock anger-point ;CAMERUPT has a volcano inside its body. Magma of 18,000 degrees F courses through its body. Occasionally, the humps on this POKéMON’s back erupt, spewing the superheated magma.
324;torkoal;ordinary;generation-iii;nothing;fire;None;70;85;140;85;70;20;470;5;804;white-smoke drought shell-armor ;You can tell how it’s feeling by the smoke spouting from its shell. Tremendous velocity is a sign of good health.
325;spoink;ordinary;generation-iii;nothing;psychic;None;60;25;35;70;80;60;330;7;306;thick-fat own-tempo gluttony ;SPOINK bounces around on its tail. The shock of its bouncing makes its heart pump. As a result, this POKéMON cannot afford to stop bouncing - if it stops, its heart will stop.
326;grumpig;ordinary;generation-iii;spoink;psychic;None;80;45;65;90;110;80;470;9;715;thick-fat own-tempo gluttony ;GRUMPIG uses the black pearls on its body to amplify its psychic power waves for gaining total control over its foe. When this POKéMON uses its special power, its snorting breath grows labored.
327;spinda;ordinary;generation-iii;nothing;normal;None;60;60;60;60;60;60;360;11;50;own-tempo tangled-feet contrary ;No two Spinda have the same pattern of spots. Its tottering step fouls the aim of foes.
328;trapinch;ordinary;generation-iii;nothing;ground;None;45;100;45;45;45;10;290;7;150;hyper-cutter arena-trap sheer-force ;TRAPINCH’s nest is a sloped, bowl-like pit dug in sand. This POKéMON patiently waits for prey to tumble down the pit. Its giant jaws have enough strength to crush even boulders.
329;vibrava;ordinary;generation-iii;trapinch;ground;dragon;50;70;50;50;50;70;340;11;153;levitate ;To make prey faint, VIBRAVA generates ultrasonic waves by vigorously making its two wings vibrate. This POKéMON’s ultrasonic waves are so powerful, they can bring on headaches in people.
330;flygon;ordinary;generation-iii;vibrava;ground;dragon;80;100;80;80;80;100;520;20;820;levitate ;FLYGON is nicknamed “the elemental spirit of the desert.” Because its flapping wings whip up a cloud of sand, this POKéMON is always enveloped in a sandstorm while flying.
331;cacnea;ordinary;generation-iii;nothing;grass;None;50;85;40;85;40;35;335;4;513;sand-veil water-absorb ;CACNEA lives in arid locations such as deserts. It releases a strong aroma from its flower to attract prey. When prey comes near, this POKéMON shoots sharp thorns from its body to bring the victim down.
332;cacturne;ordinary;generation-iii;cacnea;grass;dark;70;115;60;115;60;55;475;13;774;sand-veil water-absorb ;During the daytime, CACTURNE remains unmoving so that it does not lose any moisture to the harsh desert sun. This POKéMON becomes active at night when the temperature drops.
333;swablu;ordinary;generation-iii;nothing;normal;flying;45;40;60;40;75;50;310;4;12;natural-cure cloud-nine ;SWABLU has light and fluffy wings that are like cottony clouds. This POKéMON is not frightened of people. It lands on the heads of people and sits there like a cotton-fluff hat.
334;altaria;ordinary;generation-iii;swablu;dragon;flying;75;70;90;70;105;80;490;11;206;natural-cure cloud-nine ;ALTARIA dances and wheels through the sky among billowing, cotton-like clouds. By singing melodies in its crystal-clear voice, this POKéMON makes its listeners experience dreamy wonderment.
335;zangoose;ordinary;generation-iii;nothing;normal;None;73;115;60;60;60;90;458;13;403;immunity toxic-boost ;Memories of battling its arch-rival SEVIPER are etched into every cell of ZANGOOSE’s body. This POKéMON adroitly dodges attacks with incredible agility.
336;seviper;ordinary;generation-iii;nothing;poison;None;73;100;60;100;60;65;458;27;525;shed-skin infiltrator ;SEVIPER shares a generations-long feud with ZANGOOSE. The scars on its body are evidence of vicious battles. This POKéMON attacks using its sword- edged tail.
337;lunatone;ordinary;generation-iii;nothing;rock;psychic;90;55;65;95;85;70;460;10;1680;levitate ;LUNATONE was discovered at a location where a meteorite fell. As a result, some people theorize that this POKéMON came from space. However, no one has been able to prove this theory so far.
338;solrock;ordinary;generation-iii;nothing;rock;psychic;90;95;85;55;65;70;460;12;1540;levitate ;Solar energy is the source of its power, so it is strong during the daytime. When it spins, its body shines.
339;barboach;ordinary;generation-iii;nothing;water;ground;50;48;43;46;41;60;288;4;19;oblivious anticipation hydration ;BARBOACH’s sensitive whiskers serve as a superb radar system. This POKéMON hides in mud, leaving only its two whiskers exposed while it waits for prey to come along.
340;whiscash;ordinary;generation-iii;barboach;water;ground;110;78;73;76;71;60;468;9;236;oblivious anticipation hydration ;WHISCASH is extremely territorial. Just one of these POKéMON will claim a large pond as its exclusive territory. If a foe approaches it, it thrashes about and triggers a massive earthquake.
341;corphish;ordinary;generation-iii;nothing;water;None;43;80;65;50;35;35;308;6;115;hyper-cutter shell-armor adaptability ;Its hardy vitality enables it to adapt to any environment. Its pincers will never release prey.
342;crawdaunt;ordinary;generation-iii;corphish;water;dark;63;120;85;90;55;55;468;11;328;hyper-cutter shell-armor adaptability ;CRAWDAUNT has an extremely violent nature that compels it to challenge other living things to battle. Other life-forms refuse to live in ponds inhabited by this POKéMON, making them desolate places.
343;baltoy;ordinary;generation-iii;nothing;ground;psychic;40;40;55;40;70;55;300;5;215;levitate ;BALTOY moves while spinning around on its one foot. Primitive wall paintings depicting this POKéMON living among people were discovered in some ancient ruins.
344;claydol;ordinary;generation-iii;baltoy;ground;psychic;60;70;105;70;120;75;500;15;1080;levitate ;CLAYDOL are said to be dolls of mud made by primitive humans and brought to life by exposure to a mysterious ray. This POKéMON moves about while levitating.
345;lileep;ordinary;generation-iii;nothing;rock;grass;66;41;77;61;87;23;355;10;238;suction-cups storm-drain ;LILEEP became extinct approximately a hundred million years ago. This ancient POKéMON attaches itself to a rock on the seafloor and catches approaching prey using tentacles shaped like flower petals.
346;cradily;ordinary;generation-iii;lileep;rock;grass;86;81;97;81;107;43;495;15;604;suction-cups storm-drain ;CRADILY roams around the ocean floor in search of food. This POKéMON freely extends its tree trunk-like neck and captures unwary prey using its eight tentacles.
347;anorith;ordinary;generation-iii;nothing;rock;bug;45;95;50;40;50;75;355;7;125;battle-armor swift-swim ;ANORITH was regenerated from a prehistoric fossil. This primitive POKéMON once lived in warm seas. It grips its prey firmly between its two large claws.
348;armaldo;ordinary;generation-iii;anorith;rock;bug;75;125;100;70;80;45;495;15;682;battle-armor swift-swim ;ARMALDO’s tough armor makes all attacks bounce off. This POKéMON’s two enormous claws can be freely extended or contracted. They have the power to punch right through a steel slab.
349;feebas;ordinary;generation-iii;nothing;water;None;20;15;20;10;55;80;200;6;74;swift-swim oblivious adaptability ;FEEBAS’s fins are ragged and tattered from the start of its life. Because of its shoddy appearance, this POKéMON is largely ignored. It is capable of living in both the sea and in rivers.
350;milotic;ordinary;generation-iii;feebas;water;None;95;60;79;100;125;81;540;62;1620;marvel-scale competitive cute-charm ;Its lovely scales are described as rainbow colored. They change color depending on the viewing angle.
351;castform;ordinary;generation-iii;nothing;normal;None;70;70;70;70;70;70;420;3;8;forecast ;CASTFORM’s appearance changes with the weather. This POKéMON gained the ability to use the vast power of nature to protect its tiny body.
352;kecleon;ordinary;generation-iii;nothing;normal;None;60;90;70;60;120;40;440;10;220;color-change protean ;It changes body color to blend in with its surroundings. It also changes color if it is happy or sad.
353;shuppet;ordinary;generation-iii;nothing;ghost;None;44;75;35;63;33;45;295;6;23;insomnia frisk cursed-body ;SHUPPET is attracted by feelings of jealousy and vindictiveness. If someone develops strong feelings of vengeance, this POKéMON will appear in a swarm and line up beneath the eaves of that person’s home.
354;banette;ordinary;generation-iii;shuppet;ghost;None;64;115;65;83;63;65;455;11;125;insomnia frisk cursed-body ;BANETTE generates energy for laying strong curses by sticking pins into its own body. This POKéMON was originally a pitiful plush doll that was thrown away.
355;duskull;ordinary;generation-iii;nothing;ghost;None;20;40;90;30;90;25;295;8;150;levitate frisk ;DUSKULL can pass through any wall no matter how thick it may be. Once this POKéMON chooses a target, it will doggedly pursue the intended victim until the break of dawn.
356;dusclops;ordinary;generation-iii;duskull;ghost;None;40;70;130;60;130;25;455;16;306;pressure frisk ;DUSCLOPS’s body is completely hollow - there is nothing at all inside. It is said that its body is like a black hole. This POKéMON will absorb anything into its body, but nothing will ever come back out.
357;tropius;ordinary;generation-iii;nothing;grass;flying;99;68;83;72;87;51;460;20;1000;chlorophyll solar-power harvest ;The bunches of fruit around TROPIUS’s neck are very popular with children. This POKéMON loves fruit, and eats it continuously. Apparently, its love for fruit resulted in its own outgrowth of fruit.
358;chimecho;ordinary;generation-iii;chingling;psychic;None;75;50;80;95;90;65;455;6;10;levitate ;CHIMECHO makes its cries echo inside its hollow body. When this POKéMON becomes enraged, its cries result in ultrasonic waves that have the power to knock foes flying.
359;absol;ordinary;generation-iii;nothing;dark;None;65;130;60;75;60;75;465;12;470;pressure super-luck justified ;Every time ABSOL appears before people, it is followed by a disaster such as an earthquake or a tidal wave. As a result, it came to be known as the disaster POKéMON.
360;wynaut;baby;generation-iii;nothing;psychic;None;95;23;48;23;48;23;260;6;140;shadow-tag telepathy ;WYNAUT can always be seen with a big, happy smile on its face. Look at its tail to determine if it is angry. When angered, this POKéMON will be slapping the ground with its tail.
361;snorunt;ordinary;generation-iii;nothing;ice;None;50;50;50;50;50;50;300;7;168;inner-focus ice-body moody ;SNORUNT live in regions with heavy snowfall. In seasons without snow, such as spring and summer, this POKéMON steals away to live quietly among stalactites and stalagmites deep in caverns.
362;glalie;ordinary;generation-iii;snorunt;ice;None;80;80;80;80;80;80;480;15;2565;inner-focus ice-body moody ;GLALIE has a body made of rock, which it hardens with an armor of ice. This POKéMON has the ability to freeze moisture in the atmosphere into any shape it desires.
363;spheal;ordinary;generation-iii;nothing;ice;water;70;40;50;55;50;25;290;8;395;thick-fat ice-body oblivious ;SPHEAL is much faster rolling than walking to get around. When groups of this POKéMON eat, they all clap at once to show their pleasure. Because of this, their mealtimes are noisy.
364;sealeo;ordinary;generation-iii;spheal;ice;water;90;60;70;75;70;45;410;11;876;thick-fat ice-body oblivious ;SEALEO has the habit of always juggling on the tip of its nose anything it sees for the first time. This POKéMON occasionally entertains itself by balancing and rolling a SPHEAL on its nose.
365;walrein;ordinary;generation-iii;sealeo;ice;water;110;80;90;95;90;65;530;14;1506;thick-fat ice-body oblivious ;It swims through icy seas while shattering ice floes with its large tusks. It is protected by its thick blubber.
366;clamperl;ordinary;generation-iii;nothing;water;None;35;64;85;74;55;32;345;4;525;shell-armor rattled ;CLAMPERL’s sturdy shell is not only good for protection - it is also used for clamping and catching prey. A fully grown CLAMPERL’s shell will be scored with nicks and scratches all over.
367;huntail;ordinary;generation-iii;clamperl;water;None;55;104;105;94;75;52;485;17;270;swift-swim water-veil ;HUNTAIL’s presence went unnoticed by people for a long time because it lives at extreme depths in the sea. This POKéMON’s eyes can see clearly even in the murky dark depths of the ocean.
368;gorebyss;ordinary;generation-iii;clamperl;water;None;55;84;105;114;75;52;485;18;226;swift-swim hydration ;GOREBYSS lives in the southern seas at extreme depths. Its body is built to withstand the enormous pressure of water at incredible depths. Because of this, this POKéMON’s body is unharmed by ordinary attacks.
369;relicanth;ordinary;generation-iii;nothing;water;rock;100;90;130;45;65;55;485;10;234;swift-swim rock-head sturdy ;RELICANTH is a POKéMON species that existed for a hundred million years without ever changing its form. This ancient POKéMON feeds on microscopic organisms with its toothless mouth.
370;luvdisc;ordinary;generation-iii;nothing;water;None;43;30;55;40;65;97;330;6;87;swift-swim hydration ;LUVDISC live in shallow seas in the tropics. This heart-shaped POKéMON earned its name by swimming after loving couples it spotted in the ocean’s waves.
371;bagon;ordinary;generation-iii;nothing;dragon;None;45;75;60;40;30;50;300;6;421;rock-head sheer-force ;Dreaming of one day flying, it practices by leaping off cliffs every day.
372;shelgon;ordinary;generation-iii;bagon;dragon;None;65;95;100;60;50;50;420;11;1105;rock-head overcoat ;Inside SHELGON’s armor-like shell, cells are in the midst of transformation to create an entirely new body. This POKéMON’s shell is extremely heavy, making its movements sluggish.
373;salamence;ordinary;generation-iii;shelgon;dragon;flying;95;135;80;110;80;100;600;15;1026;intimidate moxie ;SALAMENCE came about as a result of a strong, long-held dream of growing wings. It is said that this powerful desire triggered a sudden mutation in this POKéMON’s cells, causing it to sprout its magnificent wings.
374;beldum;ordinary;generation-iii;nothing;steel;psychic;40;55;80;35;60;30;300;6;952;clear-body light-metal ;Instead of blood, a powerful magnetic force courses throughout BELDUM’s body. This POKéMON communicates with others by sending controlled pulses of magnetism.
375;metang;ordinary;generation-iii;beldum;steel;psychic;60;75;100;55;80;50;420;12;2025;clear-body light-metal ;When two BELDUM fuse together, METANG is formed. The brains of the BELDUM are joined by a magnetic nervous system. By linking its brains magnetically, this POKéMON generates strong psychokinetic power.
376;metagross;ordinary;generation-iii;metang;steel;psychic;80;135;130;95;90;70;600;16;5500;clear-body light-metal ;METAGROSS has four brains in total. Combined, the four brains can breeze through difficult calculations faster than a supercomputer. This POKéMON can float in the air by tucking in its four legs.
377;regirock;legendary;generation-iii;nothing;rock;None;80;100;200;50;100;50;580;17;2300;clear-body sturdy ;Its entire body is made of rock. If any part chips off in battle, it attaches rocks to repair itself.
378;regice;legendary;generation-iii;nothing;ice;None;80;50;100;100;200;50;580;18;1750;clear-body ice-body ;REGICE’s body was made during an ice age. The deep-frozen body can’t be melted, even by fire. This POKéMON controls frigid air of minus 328 degrees F.
379;registeel;legendary;generation-iii;nothing;steel;None;80;75;150;75;150;50;580;19;2050;clear-body light-metal ;REGISTEEL has a body that is harder than any kind of metal. Its body is apparently hollow. No one has any idea what this POKéMON eats.
380;latias;legendary;generation-iii;nothing;dragon;psychic;80;80;90;110;130;110;600;14;400;levitate ;LATIAS is highly sensitive to the emotions of people. If it senses any hostility, this POKéMON ruffles the feathers all over its body and cries shrilly to intimidate the foe.
381;latios;legendary;generation-iii;nothing;dragon;psychic;80;90;80;130;110;110;600;20;600;levitate ;LATIOS has the ability to make its foe see an image of what it has seen or imagines in its head. This POKéMON is intelligent and understands human speech.
382;kyogre;legendary;generation-iii;nothing;water;None;100;100;90;150;140;90;670;45;3520;drizzle ;KYOGRE has the power to create massive rain clouds that cover the entire sky and bring about torrential downpours. This POKéMON saved people who were suffering from droughts.
383;groudon;legendary;generation-iii;nothing;ground;None;100;150;140;100;90;90;670;35;9500;drought ;GROUDON has long been described in mythology as the POKéMON that raised lands and expanded continents. This POKéMON took to sleep after a cataclysmic battle with KYOGRE.
384;rayquaza;legendary;generation-iii;nothing;dragon;flying;105;150;90;150;90;95;680;70;2065;air-lock ;RAYQUAZA lived for hundreds of millions of years in the earth’s ozone layer, never descending to the ground. This POKéMON appears to feed on water and particles in the atmosphere.
385;jirachi;mythical;generation-iii;nothing;steel;psychic;100;100;100;100;100;100;600;3;11;serene-grace ;A legend states that JIRACHI will make true any wish that is written on notes attached to its head when it awakens. If this POKéMON senses danger, it will fight without awakening.
386;deoxys;mythical;generation-iii;nothing;psychic;None;50;150;50;150;50;150;600;17;608;pressure ;The DNA of a space virus underwent a sudden mutation upon exposure to a laser beam and resulted in DEOXYS. The crystalline organ on this POKéMON’s chest appears to be its brain.
